﻿designator,quantity,value,pack,mpn,mount_type
H1,1,MountingHole_Pad,MountingHole_3.5mm,,tht
"J1, J2, J3, J4, J5, J9",6,jst xh 2,JST_XH_B2B-XH-A_1x02_P2.50mm_Vertical,,tht
"J6, J7",2,440052-3,SHDR3W64P0X250_1X3_1000X380X630P,,tht
J8,1,pwr_in,BarrelJack_Horizontal,,tht
Q1,1,BUK9832-55A_CUX,SOT230P700X180-4N,,smt
"R1, R2, R3, R4, R5",5,80,R_0603_1608Metric_Pad0.98x0.95mm_HandSolder,,smt
R6,1,500,R_0603_1608Metric_Pad0.98x0.95mm_HandSolder,,smt
R7,1,1k,R_0603_1608Metric_Pad0.98x0.95mm_HandSolder,,smt
R8,1,10k,R_0603_1608Metric_Pad0.98x0.95mm_HandSolder,,smt
U1,1,~,esp32-gateway,,tht
U2,1,~,polulu-durin,,smt
