﻿pos_x,pos_y,rotation,side,designator,mpn,pack,value,mount_type,place
76.2,-101.6,0.0,top,H1,,MountingHole_3.5mm,MountingHole_Pad,tht,True
95.925,-100.965,0.0,top,J1,,JST_XH_B2B-XH-A_1x02_P2.50mm_Vertical,jst xh 2,tht,True
106.085,-90.17,0.0,top,J2,,JST_XH_B2B-XH-A_1x02_P2.50mm_Vertical,jst xh 2,tht,True
116.245,-90.17,0.0,top,J3,,JST_XH_B2B-XH-A_1x02_P2.50mm_Vertical,jst xh 2,tht,True
116.245,-100.965,0.0,top,J4,,JST_XH_B2B-XH-A_1x02_P2.50mm_Vertical,jst xh 2,tht,True
106.085,-100.965,0.0,top,J5,,JST_XH_B2B-XH-A_1x02_P2.50mm_Vertical,jst xh 2,tht,True
88.82,-102.235,180.0,top,J6,,SHDR3W64P0X250_1X3_1000X380X630P,440052-3,tht,True
88.82,-93.945,180.0,top,J7,,SHDR3W64P0X250_1X3_1000X380X630P,440052-3,tht,True
70.135,-96.52,0.0,top,J8,,BarrelJack_Horizontal,pwr_in,tht,True
95.905,-90.17,0.0,top,J9,,JST_XH_B2B-XH-A_1x02_P2.50mm_Vertical,jst xh 2,tht,True
98.538,-77.93,-90.0,bottom,Q1,,SOT230P700X180-4N,BUK9832-55A_CUX,smt,True
114.3,-71.12,0.0,bottom,R1,,R_0603_1608Metric_Pad0.98x0.95mm_HandSolder,80,smt,True
114.3,-60.96,0.0,bottom,R2,,R_0603_1608Metric_Pad0.98x0.95mm_HandSolder,80,smt,True
114.3,-63.5,0.0,bottom,R3,,R_0603_1608Metric_Pad0.98x0.95mm_HandSolder,80,smt,True
114.3,-68.58,0.0,bottom,R4,,R_0603_1608Metric_Pad0.98x0.95mm_HandSolder,80,smt,True
114.3,-66.04,0.0,bottom,R5,,R_0603_1608Metric_Pad0.98x0.95mm_HandSolder,80,smt,True
114.3,-50.8,180.0,bottom,R6,,R_0603_1608Metric_Pad0.98x0.95mm_HandSolder,500,smt,True
114.3,-55.88,180.0,bottom,R7,,R_0603_1608Metric_Pad0.98x0.95mm_HandSolder,1k,smt,True
114.3,-58.42,0.0,bottom,R8,,R_0603_1608Metric_Pad0.98x0.95mm_HandSolder,10k,smt,True
58.4075,-31.7625,0.0,top,U1,,esp32-gateway,~,tht,True
81.534,-81.28,180.0,bottom,U2,,polulu-durin,~,smt,True
